<?xml version="1.0" encoding="UTF-8"?>
<configurationDescriptor version="62">
  <logicalFolder name="root" displayName="root" projectFiles="true">
    <logicalFolder name="HeaderFiles"
                   displayName="Header Files"
                   projectFiles="true">
      <logicalFolder name="f3" displayName="app" projectFiles="true">
        <logicalFolder name="f1" displayName="system_config" projectFiles="true">
          <logicalFolder name="f1" displayName="default" projectFiles="true">
            <logicalFolder name="f1" displayName="framework" projectFiles="true">
              <logicalFolder name="f1" displayName="driver" projectFiles="true">
                <logicalFolder name="f1" displayName="i2c" projectFiles="true">
                  <itemPath>../src/system_config/default/framework/driver/i2c/drv_i2c_static_buffer_model.h</itemPath>
                </logicalFolder>
                <logicalFolder name="f2" displayName="oc" projectFiles="true">
                  <itemPath>../src/system_config/default/framework/driver/oc/drv_oc_static.h</itemPath>
                </logicalFolder>
                <logicalFolder name="f3" displayName="tmr" projectFiles="true">
                  <itemPath>../src/system_config/default/framework/driver/tmr/drv_tmr_static.h</itemPath>
                </logicalFolder>
                <logicalFolder name="f4" displayName="usart" projectFiles="true">
                  <logicalFolder name="f1" displayName="src" projectFiles="true">
                    <itemPath>../src/system_config/default/framework/driver/usart/src/drv_usart_static_local.h</itemPath>
                  </logicalFolder>
                  <itemPath>../src/system_config/default/framework/driver/usart/drv_usart_static.h</itemPath>
                </logicalFolder>
              </logicalFolder>
              <logicalFolder name="f2" displayName="system" projectFiles="true">
                <logicalFolder name="f1" displayName="devcon" projectFiles="true">
                  <logicalFolder name="f1" displayName="src" projectFiles="true">
                    <itemPath>../src/system_config/default/framework/system/devcon/src/sys_devcon_local.h</itemPath>
                  </logicalFolder>
                  <itemPath>../src/system_config/default/framework/system/devcon/sys_devcon.h</itemPath>
                </logicalFolder>
              </logicalFolder>
            </logicalFolder>
            <itemPath>../src/system_config/default/FreeRTOSConfig.h</itemPath>
            <itemPath>../src/system_config/default/system_config.h</itemPath>
            <itemPath>../src/system_config/default/system_definitions.h</itemPath>
          </logicalFolder>
        </logicalFolder>
        <itemPath>../src/main_thread.h</itemPath>
        <itemPath>../src/sensor_thread.h</itemPath>
        <itemPath>../src/motor_thread.h</itemPath>
      </logicalFolder>
      <logicalFolder name="f1" displayName="framework" projectFiles="true">
        <logicalFolder name="f1" displayName="driver" projectFiles="true">
          <logicalFolder name="f1" displayName="i2c" projectFiles="true">
            <logicalFolder name="f1" displayName="src" projectFiles="true">
              <itemPath>../../../../../../../microchip/harmony/v2_05_01/framework/driver/i2c/src/drv_i2c_local.h</itemPath>
              <itemPath>../../../../../../../microchip/harmony/v2_05_01/framework/driver/i2c/src/drv_i2c_variant_mapping.h</itemPath>
            </logicalFolder>
            <itemPath>../../../../../../../microchip/harmony/v2_05_01/framework/driver/i2c/drv_i2c.h</itemPath>
            <itemPath>../../../../../../../microchip/harmony/v2_05_01/framework/driver/i2c/drv_i2c_device_pic32m.h</itemPath>
            <itemPath>../../../../../../../microchip/harmony/v2_05_01/framework/driver/i2c/drv_i2c_compatibility.h</itemPath>
            <itemPath>../../../../../../../microchip/harmony/v2_05_01/framework/driver/i2c/drv_i2c_mapping.h</itemPath>
          </logicalFolder>
          <logicalFolder name="f2" displayName="oc" projectFiles="true">
            <itemPath>../../../../../../../microchip/harmony/v2_05_01/framework/driver/oc/drv_oc.h</itemPath>
          </logicalFolder>
          <logicalFolder name="f3" displayName="tmr" projectFiles="true">
            <logicalFolder name="f1" displayName="src" projectFiles="true">
              <itemPath>../../../../../../../microchip/harmony/v2_05_01/framework/driver/tmr/src/drv_tmr_variant_mapping.h</itemPath>
            </logicalFolder>
            <itemPath>../../../../../../../microchip/harmony/v2_05_01/framework/driver/tmr/drv_tmr.h</itemPath>
            <itemPath>../../../../../../../microchip/harmony/v2_05_01/framework/driver/tmr/drv_tmr_mapping.h</itemPath>
            <itemPath>../../../../../../../microchip/harmony/v2_05_01/framework/driver/tmr/drv_tmr_compatibility.h</itemPath>
            <itemPath>../../../../../../../microchip/harmony/v2_05_01/framework/driver/tmr/tmr_definitions_pic32m.h</itemPath>
          </logicalFolder>
          <logicalFolder name="f4" displayName="usart" projectFiles="true">
            <logicalFolder name="f1" displayName="src" projectFiles="true">
              <itemPath>../../../../../../../microchip/harmony/v2_05_01/framework/driver/usart/src/drv_usart_variant_mapping.h</itemPath>
            </logicalFolder>
            <itemPath>../../../../../../../microchip/harmony/v2_05_01/framework/driver/usart/drv_usart.h</itemPath>
            <itemPath>../../../../../../../microchip/harmony/v2_05_01/framework/driver/usart/drv_usart_definitions.h</itemPath>
          </logicalFolder>
          <itemPath>../../../../../../../microchip/harmony/v2_05_01/framework/driver/driver.h</itemPath>
          <itemPath>../../../../../../../microchip/harmony/v2_05_01/framework/driver/driver_common.h</itemPath>
        </logicalFolder>
        <logicalFolder name="f3" displayName="osal" projectFiles="true">
          <itemPath>../../../../../../../microchip/harmony/v2_05_01/framework/osal/osal.h</itemPath>
          <itemPath>../../../../../../../microchip/harmony/v2_05_01/framework/osal/osal_definitions.h</itemPath>
          <itemPath>../../../../../../../microchip/harmony/v2_05_01/framework/osal/osal_freertos.h</itemPath>
          <itemPath>../../../../../../../microchip/harmony/v2_05_01/framework/osal/osal_impl_basic.h</itemPath>
        </logicalFolder>
        <logicalFolder name="f2" displayName="system" projectFiles="true">
          <logicalFolder name="f4" displayName="clk" projectFiles="true">
            <itemPath>../../../../../../../microchip/harmony/v2_05_01/framework/system/clk/sys_clk.h</itemPath>
            <itemPath>../../../../../../../microchip/harmony/v2_05_01/framework/system/clk/sys_clk_compatibility.h</itemPath>
            <itemPath>../../../../../../../microchip/harmony/v2_05_01/framework/system/clk/sys_clk_mapping.h</itemPath>
          </logicalFolder>
          <logicalFolder name="f3" displayName="common" projectFiles="true">
            <itemPath>../../../../../../../microchip/harmony/v2_05_01/framework/system/common/sys_common.h</itemPath>
            <itemPath>../../../../../../../microchip/harmony/v2_05_01/framework/system/common/sys_module.h</itemPath>
            <itemPath>../../../../../../../microchip/harmony/v2_05_01/framework/system/common/sys_buffer.h</itemPath>
            <itemPath>../../../../../../../microchip/harmony/v2_05_01/framework/system/common/sys_queue.h</itemPath>
          </logicalFolder>
          <logicalFolder name="f6" displayName="debug" projectFiles="true">
            <itemPath>../../../../../../../microchip/harmony/v2_05_01/framework/system/debug/sys_debug.h</itemPath>
          </logicalFolder>
          <logicalFolder name="f1" displayName="dma" projectFiles="true">
            <itemPath>../../../../../../../microchip/harmony/v2_05_01/framework/system/dma/sys_dma.h</itemPath>
            <itemPath>../../../../../../../microchip/harmony/v2_05_01/framework/system/dma/sys_dma_definitions.h</itemPath>
          </logicalFolder>
          <logicalFolder name="f2" displayName="int" projectFiles="true">
            <logicalFolder name="f1" displayName="src" projectFiles="true">
              <itemPath>../../../../../../../microchip/harmony/v2_05_01/framework/system/int/src/sys_int_private.h</itemPath>
            </logicalFolder>
            <itemPath>../../../../../../../microchip/harmony/v2_05_01/framework/system/int/sys_int.h</itemPath>
            <itemPath>../../../../../../../microchip/harmony/v2_05_01/framework/system/int/sys_int_mapping.h</itemPath>
          </logicalFolder>
          <logicalFolder name="f5" displayName="ports" projectFiles="true">
            <itemPath>../../../../../../../microchip/harmony/v2_05_01/framework/system/ports/sys_ports.h</itemPath>
            <itemPath>../../../../../../../microchip/harmony/v2_05_01/framework/system/ports/sys_ports_definitions.h</itemPath>
          </logicalFolder>
          <itemPath>../../../../../../../microchip/harmony/v2_05_01/framework/system/system.h</itemPath>
        </logicalFolder>
      </logicalFolder>
      <logicalFolder name="f2" displayName="FreeRTOS" projectFiles="true">
        <logicalFolder name="f1" displayName="portable" projectFiles="true">
          <logicalFolder name="f1" displayName="MPLAB" projectFiles="true">
            <logicalFolder name="f1" displayName="PIC32MX" projectFiles="true">
              <itemPath>../../../../../../../microchip/harmony/v2_05_01/third_party/rtos/FreeRTOS/Source/portable/MPLAB/PIC32MX/ISR_Support.h</itemPath>
              <itemPath>../../../../../../../microchip/harmony/v2_05_01/third_party/rtos/FreeRTOS/Source/portable/MPLAB/PIC32MX/portmacro.h</itemPath>
            </logicalFolder>
          </logicalFolder>
        </logicalFolder>
        <itemPath>../../../../../../../microchip/harmony/v2_05_01/third_party/rtos/FreeRTOS/Source/include/croutine.h</itemPath>
        <itemPath>../../../../../../../microchip/harmony/v2_05_01/third_party/rtos/FreeRTOS/Source/include/event_groups.h</itemPath>
        <itemPath>../../../../../../../microchip/harmony/v2_05_01/third_party/rtos/FreeRTOS/Source/include/FreeRTOS.h</itemPath>
        <itemPath>../../../../../../../microchip/harmony/v2_05_01/third_party/rtos/FreeRTOS/Source/include/list.h</itemPath>
        <itemPath>../../../../../../../microchip/harmony/v2_05_01/third_party/rtos/FreeRTOS/Source/include/mpu_wrappers.h</itemPath>
        <itemPath>../../../../../../../microchip/harmony/v2_05_01/third_party/rtos/FreeRTOS/Source/include/portable.h</itemPath>
        <itemPath>../../../../../../../microchip/harmony/v2_05_01/third_party/rtos/FreeRTOS/Source/include/projdefs.h</itemPath>
        <itemPath>../../../../../../../microchip/harmony/v2_05_01/third_party/rtos/FreeRTOS/Source/include/queue.h</itemPath>
        <itemPath>../../../../../../../microchip/harmony/v2_05_01/third_party/rtos/FreeRTOS/Source/include/semphr.h</itemPath>
        <itemPath>../../../../../../../microchip/harmony/v2_05_01/third_party/rtos/FreeRTOS/Source/include/StackMacros.h</itemPath>
        <itemPath>../../../../../../../microchip/harmony/v2_05_01/third_party/rtos/FreeRTOS/Source/include/deprecated_definitions.h</itemPath>
        <itemPath>../../../../../../../microchip/harmony/v2_05_01/third_party/rtos/FreeRTOS/Source/include/task.h</itemPath>
        <itemPath>../../../../../../../microchip/harmony/v2_05_01/third_party/rtos/FreeRTOS/Source/include/timers.h</itemPath>
        <itemPath>../../../../../../../microchip/harmony/v2_05_01/third_party/rtos/FreeRTOS/Source/include/mpu_prototypes.h</itemPath>
      </logicalFolder>
    </logicalFolder>
    <logicalFolder name="LinkerScript"
                   displayName="Linker Files"
                   projectFiles="true">
    </logicalFolder>
    <logicalFolder name="SourceFiles"
                   displayName="Source Files"
                   projectFiles="true">
      <logicalFolder name="f3" displayName="app" projectFiles="true">
        <logicalFolder name="f1" displayName="system_config" projectFiles="true">
          <logicalFolder name="f1" displayName="default" projectFiles="true">
            <logicalFolder name="f1" displayName="framework" projectFiles="true">
              <logicalFolder name="f1" displayName="driver" projectFiles="true">
                <logicalFolder name="f1" displayName="i2c" projectFiles="true">
                  <logicalFolder name="f1" displayName="src" projectFiles="true">
                    <itemPath>../src/system_config/default/framework/driver/i2c/src/drv_i2c_static_buffer_model.c</itemPath>
                    <itemPath>../src/system_config/default/framework/driver/i2c/src/drv_i2c_mapping.c</itemPath>
                  </logicalFolder>
                </logicalFolder>
                <logicalFolder name="f2" displayName="oc" projectFiles="true">
                  <logicalFolder name="f1" displayName="src" projectFiles="true">
                    <itemPath>../src/system_config/default/framework/driver/oc/src/drv_oc_mapping.c</itemPath>
                    <itemPath>../src/system_config/default/framework/driver/oc/src/drv_oc_static.c</itemPath>
                  </logicalFolder>
                </logicalFolder>
                <logicalFolder name="f3" displayName="tmr" projectFiles="true">
                  <logicalFolder name="f1" displayName="src" projectFiles="true">
                    <itemPath>../src/system_config/default/framework/driver/tmr/src/drv_tmr_static.c</itemPath>
                    <itemPath>../src/system_config/default/framework/driver/tmr/src/drv_tmr_mapping.c</itemPath>
                  </logicalFolder>
                </logicalFolder>
                <logicalFolder name="f4" displayName="usart" projectFiles="true">
                  <logicalFolder name="f1" displayName="src" projectFiles="true">
                    <itemPath>../src/system_config/default/framework/driver/usart/src/drv_usart_mapping.c</itemPath>
                    <itemPath>../src/system_config/default/framework/driver/usart/src/drv_usart_static.c</itemPath>
                    <itemPath>../src/system_config/default/framework/driver/usart/src/drv_usart_static_byte_model.c</itemPath>
                  </logicalFolder>
                </logicalFolder>
              </logicalFolder>
              <logicalFolder name="f2" displayName="system" projectFiles="true">
                <logicalFolder name="f1" displayName="clk" projectFiles="true">
                  <logicalFolder name="f1" displayName="src" projectFiles="true">
                    <itemPath>../src/system_config/default/framework/system/clk/src/sys_clk_pic32mx.c</itemPath>
                  </logicalFolder>
                </logicalFolder>
                <logicalFolder name="f2" displayName="devcon" projectFiles="true">
                  <logicalFolder name="f1" displayName="src" projectFiles="true">
                    <itemPath>../src/system_config/default/framework/system/devcon/src/sys_devcon.c</itemPath>
                    <itemPath>../src/system_config/default/framework/system/devcon/src/sys_devcon_pic32mx.c</itemPath>
                  </logicalFolder>
                </logicalFolder>
                <logicalFolder name="f3" displayName="ports" projectFiles="true">
                  <logicalFolder name="f1" displayName="src" projectFiles="true">
                    <itemPath>../src/system_config/default/framework/system/ports/src/sys_ports_static.c</itemPath>
                  </logicalFolder>
                </logicalFolder>
              </logicalFolder>
            </logicalFolder>
            <itemPath>../src/system_config/default/system_init.c</itemPath>
            <itemPath>../src/system_config/default/system_interrupt.c</itemPath>
            <itemPath>../src/system_config/default/system_exceptions.c</itemPath>
            <itemPath>../src/system_config/default/system_tasks.c</itemPath>
            <itemPath>../src/system_config/default/system_interrupt_a.S</itemPath>
            <itemPath>../src/system_config/default/rtos_hooks.c</itemPath>
          </logicalFolder>
        </logicalFolder>
        <itemPath>../src/main_thread.c</itemPath>
        <itemPath>../src/sensor_thread.c</itemPath>
        <itemPath>../src/motor_thread.c</itemPath>
        <itemPath>../src/main.c</itemPath>
      </logicalFolder>
      <logicalFolder name="f1" displayName="framework" projectFiles="true">
        <logicalFolder name="f1" displayName="osal" projectFiles="true">
          <logicalFolder name="f1" displayName="src" projectFiles="true">
            <itemPath>../../../../../../../microchip/harmony/v2_05_01/framework/osal/src/osal_freertos.c</itemPath>
          </logicalFolder>
        </logicalFolder>
        <logicalFolder name="f2" displayName="system" projectFiles="true">
          <logicalFolder name="f1" displayName="int" projectFiles="true">
            <logicalFolder name="f1" displayName="src" projectFiles="true">
              <itemPath>../../../../../../../microchip/harmony/v2_05_01/framework/system/int/src/sys_int_pic32.c</itemPath>
            </logicalFolder>
          </logicalFolder>
        </logicalFolder>
      </logicalFolder>
      <logicalFolder name="f2" displayName="FreeRTOS" projectFiles="true">
        <logicalFolder name="f1" displayName="portable" projectFiles="true">
          <logicalFolder name="f1" displayName="MemMang" projectFiles="true">
            <itemPath>../../../../../../../microchip/harmony/v2_05_01/third_party/rtos/FreeRTOS/Source/portable/MemMang/heap_1.c</itemPath>
          </logicalFolder>
          <logicalFolder name="f2" displayName="MPLAB" projectFiles="true">
            <logicalFolder name="f1" displayName="PIC32MX" projectFiles="true">
              <itemPath>../../../../../../../microchip/harmony/v2_05_01/third_party/rtos/FreeRTOS/Source/portable/MPLAB/PIC32MX/port.c</itemPath>
              <itemPath>../../../../../../../microchip/harmony/v2_05_01/third_party/rtos/FreeRTOS/Source/portable/MPLAB/PIC32MX/port_asm.S</itemPath>
            </logicalFolder>
          </logicalFolder>
        </logicalFolder>
        <itemPath>../../../../../../../microchip/harmony/v2_05_01/third_party/rtos/FreeRTOS/Source/croutine.c</itemPath>
        <itemPath>../../../../../../../microchip/harmony/v2_05_01/third_party/rtos/FreeRTOS/Source/list.c</itemPath>
        <itemPath>../../../../../../../microchip/harmony/v2_05_01/third_party/rtos/FreeRTOS/Source/queue.c</itemPath>
        <itemPath>../../../../../../../microchip/harmony/v2_05_01/third_party/rtos/FreeRTOS/Source/tasks.c</itemPath>
        <itemPath>../../../../../../../microchip/harmony/v2_05_01/third_party/rtos/FreeRTOS/Source/timers.c</itemPath>
        <itemPath>../../../../../../../microchip/harmony/v2_05_01/third_party/rtos/FreeRTOS/Source/event_groups.c</itemPath>
      </logicalFolder>
    </logicalFolder>
    <logicalFolder name="ExternalFiles"
                   displayName="Important Files"
                   projectFiles="false">
      <itemPath>Makefile</itemPath>
    </logicalFolder>
    <itemPath>../src/debug.c</itemPath>
    <itemPath>../src/debug.h</itemPath>
    <itemPath>../src/sensor_queue.c</itemPath>
    <itemPath>../src/sensor_queue.h</itemPath>
  </logicalFolder>
  <sourceRootList>
    <Elem>../src</Elem>
    <Elem>../../../../../microchip/harmony/v2_05_01</Elem>
    <Elem>..\src</Elem>
    <Elem>..\src\default</Elem>
    <Elem>..\src\system_config\default</Elem>
  </sourceRootList>
  <projectmakefile>Makefile</projectmakefile>
  <confs>
    <conf name="default" type="2">
      <toolsSet>
        <developmentServer>localhost</developmentServer>
        <targetDevice>PIC32MX795F512L</targetDevice>
        <targetHeader></targetHeader>
        <targetPluginBoard></targetPluginBoard>
        <platformTool>PICkit3PlatformTool</platformTool>
        <languageToolchain>XC32</languageToolchain>
        <languageToolchainVersion>2.05</languageToolchainVersion>
        <platform>3</platform>
      </toolsSet>
      <compileType>
        <linkerTool>
          <linkerLibItems>
            <linkerLibFileItem>../../../../../../../microchip/harmony/v2_05_01/bin/framework/peripheral/PIC32MX795F512L_peripherals.a</linkerLibFileItem>
          </linkerLibItems>
        </linkerTool>
        <archiverTool>
        </archiverTool>
        <loading>
          <useAlternateLoadableFile>false</useAlternateLoadableFile>
          <parseOnProdLoad>false</parseOnProdLoad>
          <alternateLoadableFile></alternateLoadableFile>
        </loading>
        <subordinates>
        </subordinates>
      </compileType>
      <makeCustomizationType>
        <makeCustomizationPreStepEnabled>false</makeCustomizationPreStepEnabled>
        <makeCustomizationPreStep></makeCustomizationPreStep>
        <makeCustomizationPostStepEnabled>false</makeCustomizationPostStepEnabled>
        <makeCustomizationPostStep></makeCustomizationPostStep>
        <makeCustomizationPutChecksumInUserID>false</makeCustomizationPutChecksumInUserID>
        <makeCustomizationEnableLongLines>false</makeCustomizationEnableLongLines>
        <makeCustomizationNormalizeHexFile>false</makeCustomizationNormalizeHexFile>
      </makeCustomizationType>
      <C32>
        <property key="additional-warnings" value="false"/>
        <property key="enable-app-io" value="false"/>
        <property key="enable-omit-frame-pointer" value="false"/>
        <property key="enable-symbols" value="true"/>
        <property key="enable-unroll-loops" value="false"/>
        <property key="exclude-floating-point" value="false"/>
        <property key="extra-include-directories"
                  value="../src;../src/default;../src/system_config/default/framework;../src/system_config/default;../../../../../../../microchip/harmony/v2_05_01/framework;../../../../../../../microchip/harmony/v2_05_01/third_party/rtos/FreeRTOS/Source/include;../../../../../../../microchip/harmony/v2_05_01/third_party/rtos/FreeRTOS/Source/portable/MPLAB/PIC32MX"/>
        <property key="generate-16-bit-code" value="false"/>
        <property key="generate-micro-compressed-code" value="false"/>
        <property key="isolate-each-function" value="true"/>
        <property key="make-warnings-into-errors" value="false"/>
        <property key="optimization-level" value="-O1"/>
        <property key="place-data-into-section" value="false"/>
        <property key="post-instruction-scheduling" value="default"/>
        <property key="pre-instruction-scheduling" value="default"/>
        <property key="preprocessor-macros" value="__XC"/>
        <property key="strict-ansi" value="false"/>
        <property key="support-ansi" value="false"/>
        <property key="use-cci" value="false"/>
        <property key="use-iar" value="false"/>
        <property key="use-indirect-calls" value="false"/>
      </C32>
      <C32-AR>
        <property key="additional-options-chop-files" value="false"/>
      </C32-AR>
      <C32-AS>
        <property key="extra-include-directories-for-assembler"
                  value="../../../../../../../microchip/harmony/v2_05_01/third_party/rtos/FreeRTOS/Source/include;../../../../../../../microchip/harmony/v2_05_01/third_party/rtos/FreeRTOS/Source/portable/MPLAB/PIC32MX;../src/system_config/default"/>
        <property key="extra-include-directories-for-preprocessor"
                  value="../../../../../../../microchip/harmony/v2_05_01/third_party/rtos/FreeRTOS/Source/include;../../../../../../../microchip/harmony/v2_05_01/third_party/rtos/FreeRTOS/Source/portable/MPLAB/PIC32MX;../src/system_config/default"/>
        <property key="generate-micro-compressed-code" value="false"/>
      </C32-AS>
      <C32-LD>
        <property key="additional-options-use-response-files" value="false"/>
        <property key="enable-check-sections" value="false"/>
        <property key="exclude-floating-point-library" value="false"/>
        <property key="exclude-standard-libraries" value="false"/>
        <property key="extra-lib-directories" value=""/>
        <property key="fill-flash-options-addr" value=""/>
        <property key="fill-flash-options-const" value=""/>
        <property key="fill-flash-options-how" value="0"/>
        <property key="fill-flash-options-inc-const" value="1"/>
        <property key="fill-flash-options-increment" value=""/>
        <property key="fill-flash-options-seq" value=""/>
        <property key="fill-flash-options-what" value="0"/>
        <property key="generate-16-bit-code" value="false"/>
        <property key="generate-cross-reference-file" value="false"/>
        <property key="generate-micro-compressed-code" value="false"/>
        <property key="heap-size" value="0"/>
        <property key="input-libraries" value=""/>
        <property key="linker-symbols" value=""/>
        <property key="map-file" value="${DISTDIR}/${PROJECTNAME}.${IMAGE_TYPE}.map"/>
        <property key="no-startup-files" value="false"/>
        <property key="oXC32ld-extra-opts" value=""/>
        <property key="optimization-level" value=""/>
        <property key="preprocessor-macros" value=""/>
        <property key="remove-unused-sections" value="true"/>
        <property key="report-memory-usage" value="false"/>
        <property key="stack-size" value=""/>
        <property key="symbol-stripping" value=""/>
        <property key="trace-symbols" value=""/>
        <property key="warn-section-align" value="false"/>
      </C32-LD>
      <C32CPP>
        <property key="additional-warnings" value="false"/>
        <property key="check-new" value="false"/>
        <property key="eh-specs" value="true"/>
        <property key="enable-app-io" value="false"/>
        <property key="enable-omit-frame-pointer" value="false"/>
        <property key="enable-symbols" value="true"/>
        <property key="enable-unroll-loops" value="false"/>
        <property key="exceptions" value="true"/>
        <property key="exclude-floating-point" value="false"/>
        <property key="extra-include-directories" value=""/>
        <property key="generate-16-bit-code" value="false"/>
        <property key="generate-micro-compressed-code" value="false"/>
        <property key="isolate-each-function" value="true"/>
        <property key="make-warnings-into-errors" value="false"/>
        <property key="optimization-level" value="-O1"/>
        <property key="place-data-into-section" value="false"/>
        <property key="post-instruction-scheduling" value="default"/>
        <property key="pre-instruction-scheduling" value="default"/>
        <property key="preprocessor-macros" value=""/>
        <property key="rtti" value="true"/>
        <property key="strict-ansi" value="false"/>
        <property key="use-cci" value="false"/>
        <property key="use-iar" value="false"/>
        <property key="use-indirect-calls" value="false"/>
      </C32CPP>
      <C32Global>
        <property key="gp-relative-option" value=""/>
        <property key="legacy-libc" value="false"/>
        <property key="save-temps" value="false"/>
        <property key="wpo-lto" value="false"/>
      </C32Global>
      <PICkit3PlatformTool>
        <property key="ADC 1" value="true"/>
        <property key="AutoSelectMemRanges" value="auto"/>
        <property key="CHANGE NOTICE" value="true"/>
        <property key="COMPARATOR" value="true"/>
        <property key="CTMU" value="true"/>
        <property key="DMA" value="true"/>
        <property key="Freeze All Other Peripherals" value="true"/>
        <property key="I2C1" value="true"/>
        <property key="I2C2" value="true"/>
        <property key="INPUT CAPTURE 1" value="true"/>
        <property key="INPUT CAPTURE 2" value="true"/>
        <property key="INPUT CAPTURE 3" value="true"/>
        <property key="INPUT CAPTURE 4" value="true"/>
        <property key="INPUT CAPTURE 5" value="true"/>
        <property key="INTERRUPT CONTROL" value="true"/>
        <property key="OUTPUT COMPARE 1" value="true"/>
        <property key="OUTPUT COMPARE 2" value="true"/>
        <property key="OUTPUT COMPARE 3" value="true"/>
        <property key="OUTPUT COMPARE 4" value="true"/>
        <property key="OUTPUT COMPARE 5" value="true"/>
        <property key="PARALLEL MASTER/SLAVE PORT" value="true"/>
        <property key="REAL TIME CLOCK" value="true"/>
        <property key="SPI/I2S 1" value="true"/>
        <property key="SPI/I2S 2" value="true"/>
        <property key="SecureSegment.SegmentProgramming" value="FullChipProgramming"/>
        <property key="TIMER1" value="true"/>
        <property key="TIMER2" value="true"/>
        <property key="TIMER3" value="true"/>
        <property key="TIMER4" value="true"/>
        <property key="TIMER5" value="true"/>
        <property key="ToolFirmwareFilePath"
                  value="Press to browse for a specific firmware version"/>
        <property key="ToolFirmwareOption.UseLatestFirmware" value="true"/>
        <property key="UART1" value="true"/>
        <property key="UART2" value="true"/>
        <property key="hwtoolclock.frcindebug" value="false"/>
        <property key="memories.aux" value="false"/>
        <property key="memories.bootflash" value="true"/>
        <property key="memories.configurationmemory" value="true"/>
        <property key="memories.eeprom" value="true"/>
        <property key="memories.flashdata" value="true"/>
        <property key="memories.id" value="true"/>
        <property key="memories.programmemory" value="true"/>
        <property key="memories.programmemory.end" value="0x1d003fff"/>
        <property key="memories.programmemory.start" value="0x1d000000"/>
        <property key="poweroptions.powerenable" value="false"/>
        <property key="programmertogo.imagename" value=""/>
        <property key="programoptions.donoteraseauxmem" value="false"/>
        <property key="programoptions.eraseb4program" value="true"/>
        <property key="programoptions.pgmspeed" value="2"/>
        <property key="programoptions.preserveeeprom" value="false"/>
        <property key="programoptions.preserveprogramrange" value="false"/>
        <property key="programoptions.preserveprogramrange.end" value="0x1d003fff"/>
        <property key="programoptions.preserveprogramrange.start" value="0x1d000000"/>
        <property key="programoptions.preserveuserid" value="false"/>
        <property key="programoptions.testmodeentrymethod" value="VPPFirst"/>
        <property key="programoptions.usehighvoltageonmclr" value="false"/>
        <property key="programoptions.uselvpprogramming" value="false"/>
        <property key="voltagevalue" value="3.25"/>
      </PICkit3PlatformTool>
    </conf>
  </confs>
</configurationDescriptor>
