<?xml version="1.0" encoding="UTF-8"?>
<project-private xmlns="http://www.netbeans.org/ns/project-private/1">
    <editor-bookmarks xmlns="http://www.netbeans.org/ns/editor-bookmarks/2" lastBookmarkId="0"/>
    <open-files xmlns="http://www.netbeans.org/ns/projectui-open-files/2">
        <group>
            <file>file:/C:/Users/Matt%20Chambers/Downloads/Milestone1%20(2)/Milestone1_v4/firmware/src/debug.h</file>
            <file>file:/C:/Users/Matt%20Chambers/Downloads/Milestone1%20(2)/Milestone1_v4/firmware/src/sensor_state.c</file>
            <file>file:/C:/Users/Matt%20Chambers/Downloads/Milestone1%20(2)/Milestone1_v4/firmware/src/sensor_queue.c</file>
            <file>file:/C:/Users/Matt%20Chambers/Downloads/Milestone1%20(2)/Milestone1_v4/firmware/src/system_config/default/framework/driver/oc/src/drv_oc_static.c</file>
            <file>file:/C:/Users/Matt%20Chambers/Downloads/Milestone1%20(2)/Milestone1_v4/firmware/src/sensor_queue.h</file>
            <file>file:/C:/Users/Matt%20Chambers/Downloads/Milestone1%20(2)/Milestone1_v4/firmware/src/sensor_state.h</file>
            <file>file:/C:/Users/Matt%20Chambers/Downloads/Milestone1%20(2)/Milestone1_v4/firmware/src/debug.c</file>
            <file>file:/C:/Users/Matt%20Chambers/Downloads/Milestone1%20(2)/Milestone1_v4/firmware/src/system_config/default/system_interrupt.c</file>
            <file>file:/C:/Users/Matt%20Chambers/Downloads/Milestone1%20(2)/Milestone1_v4/firmware/src/app.c</file>
            <file>file:/C:/Users/Matt%20Chambers/Downloads/Milestone1%20(2)/Milestone1_v4/firmware/src/system_config/default/framework/driver/tmr/src/drv_tmr_static.c</file>
        </group>
    </open-files>
</project-private>
